Config,Desc,dT,verbose,f_min,f_max,P.tehsv1,P.tehsv2,P.gain,C.tld1,C.tlg1,C.tld2,C.tlg2,C.tldh,C.tlgh,C.gain,MU.gm,MU.pm,MU.pwr,MU.tr,MU.Mp,MU.Mu,MU.ts,MU.sum,MU.invgain,R.gm,R.pm,R.pwr,R.rise,R.settle,R.invgain,R.tr,R.Mp,R.Mu,R.ts,WC.tr,WC.Mp,WC.Mu,WC.ts,WC.sum,WC.invgain,PSO.wmax,PSO.wmin,PSO.itmax,PSO.c1,PSO.c2,PSO.N,PSO.D,PSO.launchp,PSO.speedf,PSO.verbosef,PSO.boundsmax,PSO.boundsmin,
'Test1','Test scripting for config 1',0.010000,0.000000,0.159155,100.000000,0.007000,0.010000,1.000000,0.013000,0.009000,0.013000,0.009000,0.015000,0.008000,32.600000,9.000000,60.000000,30.000000,0.050000,0.150000,0.150000,0.200000,0.000000,0.033333,6.000000,45.000000,40.000000,0.950000,0.020000,0.033333,0.070000,0.100000,0.050000,0.200000,1.000000,1.000000,1.000000,0.200000,0.000000,2.000000,0.900000,0.400000,5.000000,0.700000,1.470000,50.000000,7.000000,0.900000,2.000000,1.000000,50.000000,25.000000,
'Test2','Test scripting for config 2',0.010000,0.000000,0.159155,100.000000,0.007000,0.010000,1.000000,0.013000,0.009000,0.013000,0.009000,0.015000,0.008000,32.600000,9.000000,60.000000,30.000000,0.050000,0.150000,0.150000,0.200000,0.000000,0.033333,6.000000,45.000000,40.000000,0.950000,0.020000,0.033333,0.070000,0.100000,0.050000,0.200000,1.000000,1.000000,1.000000,0.200000,0.000000,2.000000,0.900000,0.400000,5.000000,0.700000,1.470000,50.000000,7.000000,0.900000,4.000000,1.000000,500.000000,25.000000,
