// Sample comment, total 2 lines
// End of sample comment
// Sample comment, total 2 lines
// End of sample comment
// Sample comment, total 2 lines
// End of sample comment
a,b,c,d,e,f,D.a,D.b,D.c,D.d,D.e,D.f,
2.0000000000000000,1.0000000000000000,3.0000000000000000,T,Nan,'myF',2.0000000000000000,1.0000000000000000,3.0000000000000000,T,Nan,'myF',
2.0000000000000000,1.0000000000000000,3.0000000000000000,T,Nan,'myF',
